,lon,lat,date,type,x_m,y_m
335925,-81.12292386073904,-5.007476375294568,2019-11-01,satellite,8542.043480848486,6913.417863447219
335926,-81.12267802498071,-4.995277077723625,2019-11-01,satellite,8569.043480847264,8261.917863404378
335927,-81.11968651612419,-4.989062611778633,2019-11-01,satellite,8900.543480848195,8948.917863380164
335928,-81.11886041897249,-4.985141057261197,2019-11-01,satellite,8992.043480848079,9382.417863367125
335931,-81.1138936682178,-4.979931088681044,2019-11-01,satellite,9542.543480848602,9958.417863348499
335933,-81.11189781377257,-5.0194605784892365,2019-11-01,satellite,9764.543480849068,5588.91786349006
335934,-81.11024343420122,-4.998454644163383,2019-11-01,satellite,9947.543480847846,7910.917863415554
335935,-81.10981083318308,-5.000843021059643,2019-11-01,satellite,9995.543480847613,7646.917863423005
339621,-81.17336050410164,-5.027181976433799,2019-11-05,satellite,2951.5434808469727,4733.917863518
339637,-81.15331358010755,-5.057732774991654,2019-11-05,satellite,5174.543480848195,1357.4178636278957
339646,-81.14366168241376,-5.042808126821663,2019-11-05,satellite,6244.043480846274,3007.417863573879
339666,-81.11551359296129,-5.035526706554932,2019-11-05,satellite,9364.043480848079,3812.917863547802
340004,-81.11568039026871,-4.9836625038127496,2019-11-06,satellite,9344.543480848777,9545.917863361537
341433,-81.19849512337322,-5.002721942067957,2019-11-09,satellite,164.54348084662342,7436.917863430455
341440,-81.19502333994599,-5.067437565651765,2019-11-09,satellite,551.5434808467398,283.41786366328597
341450,-81.18487192267013,-5.0125776478031385,2019-11-09,satellite,1675.043480846798,6347.917863465846
341493,-81.16254119491455,-5.051759788719551,2019-11-09,satellite,4151.543480848253,2017.4178636074066
341494,-81.1555208601843,-5.064001524678417,2019-11-09,satellite,4930.043480847729,664.4178636502475
341495,-81.15506133581117,-5.066444209545265,2019-11-09,satellite,4981.04348084738,394.4178636595607
341496,-81.155047803219,-5.06644421278831,2019-11-09,satellite,4982.543480847846,394.4178636595607
341501,-81.14055436575102,-5.066325394808035,2019-11-09,satellite,6589.043480848137,407.9178636595607
341502,-81.13315034044959,-5.058049338146874,2019-11-09,satellite,7409.543480847729,1322.9178636297584
341503,-81.12653043899634,-5.044942159159144,2019-11-09,satellite,8143.043480848544,2771.9178635831922
341504,-81.12539382326513,-5.0453901856961245,2019-11-09,satellite,8269.043480848544,2722.4178635831922
341505,-81.12444663580378,-5.045729614939101,2019-11-09,satellite,8374.043480846274,2684.917863585055
341506,-81.1240951497611,-5.047575186467534,2019-11-09,satellite,8413.043480848253,2480.9178635925055
341507,-81.12174461535471,-5.069368859866937,2019-11-09,satellite,8674.043480848137,71.91786367073655
341508,-81.12015784339212,-5.050669860792787,2019-11-09,satellite,8849.543480846449,2138.9178636036813
341509,-81.11837367135183,-5.062177449671803,2019-11-09,satellite,9047.543480847788,866.9178636446595
341512,-81.11736763869541,-5.036449127578175,2019-11-09,satellite,9158.543480848952,3710.9178635515273
341528,-81.11501848767477,-5.067171770676772,2019-11-09,satellite,9419.54348084901,314.9178636614233
341539,-81.11305565744948,-5.063725366645093,2019-11-09,satellite,9637.04348084837,695.9178636502475
341540,-81.11305564802213,-5.063671087115738,2019-11-09,satellite,9637.043480848486,701.9178636502475
342876,-81.19589950019213,-5.055943653919867,2019-11-14,satellite,454.0434808472055,1553.9178636223078
342879,-81.19379955624981,-5.047761673351717,2019-11-14,satellite,686.5434808470891,2458.4178635925055
342880,-81.19373173031616,-5.047205330198514,2019-11-14,satellite,694.0434808478458,2519.917863590643
342884,-81.18275450266137,-4.989088803906348,2019-11-14,satellite,1909.0434808476712,8944.417863380164
342885,-81.18274093790747,-4.988966678836331,2019-11-14,satellite,1910.5434808477876,8957.917863380164
342886,-81.18102007866648,-4.98010602713132,2019-11-14,satellite,2101.0434808472637,9937.417863348499
342903,-81.17189690854768,-5.018918315958597,2019-11-14,satellite,3113.5434808471473,5647.417863488197
342920,-81.16962851425008,-4.985442026132644,2019-11-14,satellite,3364.0434808482532,9347.917863367125
342926,-81.15530475403372,-5.065738518519156,2019-11-14,satellite,4954.0434808472055,472.41786365769804
342927,-81.15481931270918,-5.015896504659689,2019-11-14,satellite,5006.543480848311,5981.9178634770215
342928,-81.15054045459347,-5.062143630876415,2019-11-14,satellite,5482.043480845867,869.9178636446595
342930,-81.14284163998899,-5.067532611953931,2019-11-14,satellite,6335.543480848428,274.41786366328597
342931,-81.14282810736664,-5.067532614942034,2019-11-14,satellite,6337.04348084837,274.41786366328597
342932,-81.14217718420612,-4.998950583801848,2019-11-14,satellite,6407.543480848428,7855.417863415554
342936,-81.13858027861018,-5.010336495091353,2019-11-14,satellite,6806.543480847729,6596.917863458395
342937,-81.1373999134379,-4.995328439595014,2019-11-14,satellite,6937.043480848253,8255.917863404378
342938,-81.12438122125494,-4.986103499566702,2019-11-14,satellite,8380.043480846682,9275.91786337085
342939,-81.12096252234647,-5.0113577325297065,2019-11-14,satellite,8759.543480848195,6484.41786346212
342945,-81.11497789698129,-5.067212487533438,2019-11-14,satellite,9424.043480847904,310.41786366328597
342946,-81.11496435955411,-5.067185350178545,2019-11-14,satellite,9425.543480847089,313.41786366328597
342947,-81.11491822663207,-5.0357575001244825,2019-11-14,satellite,9430.043480846449,3787.4178635496646
342948,-81.11490469227166,-5.035743932620279,2019-11-14,satellite,9431.54348084866,3788.9178635496646
342961,-81.11132450925983,-5.069682844986086,2019-11-14,satellite,9829.043480848719,37.41786367073655
342965,-81.10981754959856,-5.040996360046301,2019-11-14,satellite,9995.543480848777,3208.417863568291
346978,-81.17337817584254,-5.042814449666197,2019-11-27,satellite,2950.0434808480786,3005.917863573879
346996,-81.16615403061496,-5.05064614533215,2019-11-27,satellite,3751.04348084738,2140.4178636036813
347000,-81.16288862785605,-5.034078169783741,2019-11-27,satellite,4112.543480847904,3971.917863542214
347001,-81.16192439344113,-5.020033594338154,2019-11-27,satellite,4219.043480847962,5524.417863491923
347029,-81.13980369973395,-5.036580393621037,2019-11-27,satellite,6671.543480847962,3695.9178635515273
347030,-81.12808904812742,-5.057222595701635,2019-11-27,satellite,7970.543480848777,1414.417863626033
347031,-81.12680017936209,-5.040287636090356,2019-11-27,satellite,8113.043480848544,3286.4178635664284
347032,-81.12548211391255,-5.011777547893651,2019-11-27,satellite,8258.54348084837,6437.91786346212
347034,-81.12151454471125,-5.069287483883767,2019-11-27,satellite,8699.543480847904,80.91786367073655
347037,-81.11953764530591,-5.063140697336274,2019-11-27,satellite,8918.543480847613,760.4178636483848
347040,-81.11639241872041,-5.031292743141784,2019-11-27,satellite,9266.543480847962,4280.917863532901
347041,-81.11521583700437,-5.035228221667234,2019-11-27,satellite,9397.043480846798,3845.917863547802
347042,-81.11520230264914,-5.0352146541688905,2019-11-27,satellite,9398.54348084773,3847.417863547802
347043,-81.11072647286727,-5.054403257715255,2019-11-27,satellite,9895.043480847788,1726.4178636167198
347044,-81.11041534562042,-5.055095375032621,2019-11-27,satellite,9929.543480849068,1649.9178636185825
347045,-81.10994177177369,-5.055448272577777,2019-11-27,satellite,9982.043480848311,1610.9178636204451
350882,-81.19990956046561,-4.981769653254212,2019-12-03,satellite,7.043480847554747,9752.917863354087
350883,-81.19846516098394,-5.037894992737987,2019-12-03,satellite,169.04348084778758,3548.917863557115
350889,-81.18978525156672,-5.064087374554308,2019-12-03,satellite,1132.043480845925,653.9178636521101
350892,-81.1848369998253,-5.032715324025011,2019-12-03,satellite,1679.5434808477294,4121.917863538489
350897,-81.17958924721341,-5.042242829537305,2019-12-03,satellite,2261.54348084674,3068.9178635720164
350911,-81.17616179461325,-5.0279818473577205,2019-12-03,satellite,2641.043480847846,4645.417863521725
350912,-81.17574720379336,-4.995658535526295,2019-12-03,satellite,2686.0434808460996,8218.417863404378
350932,-81.16855789213658,-5.031715570599433,2019-12-03,satellite,3484.0434808472637,4232.9178635347635
350934,-81.16620707494829,-5.046385196124279,2019-12-03,satellite,3745.0434808480786,2611.4178635869175
350935,-81.16617993466114,-5.046086666156021,2019-12-03,satellite,3748.043480846449,2644.4178635869175
350937,-81.1638715402828,-5.0683825270211855,2019-12-03,satellite,4004.5434808477876,179.91786366701126
350938,-81.16345515394394,-5.026804578534991,2019-12-03,satellite,4049.5434808477876,4775.917863518
350940,-81.16180730739683,-4.984059869084736,2019-12-03,satellite,4231.043480847089,9500.9178633634
350941,-81.15813471433583,-5.01661491426612,2019-12-03,satellite,4639.043480847322,5902.417863480747
350942,-81.15800470933968,-4.982310277792667,2019-12-03,satellite,4652.543480848428,9694.41786335595
350943,-81.15730514461883,-4.999272806068911,2019-12-03,satellite,4730.543480847264,7819.417863417417
350944,-81.15654470372941,-4.987914991971588,2019-12-03,satellite,4814.543480846158,9074.917863376439
350945,-81.1565320215831,-4.991497445804837,2019-12-03,satellite,4816.043480848195,8678.917863389477
350946,-81.15593971965446,-5.0044568282562025,2019-12-03,satellite,4882.043480847438,7246.417863436043
350948,-81.15419386929703,-5.00312739286892,2019-12-03,satellite,5075.54348084802,7393.417863432318
350949,-81.15221440833814,-4.986246912476137,2019-12-03,satellite,5294.5434808474965,9259.41786337085
350953,-81.15085325553898,-5.01017094147665,2019-12-03,satellite,5446.043480848428,6614.917863456532
350954,-81.14979526094083,-4.998989597257953,2019-12-03,satellite,5563.043480847613,7850.917863417417
350957,-81.14940111724,-4.991309128505226,2019-12-03,satellite,5606.543480847264,8699.917863389477
350958,-81.1491199105632,-5.004336287531554,2019-12-03,satellite,5638.043480848195,7259.917863436043
350959,-81.14809138744377,-5.003698736122634,2019-12-03,satellite,5752.043480847846,7330.417863434181
350960,-81.1475889917607,-4.995936871948732,2019-12-03,satellite,5807.54348084802,8188.417863406241
350961,-81.14699350064905,-4.995394209927452,2019-12-03,satellite,5873.543480847729,8248.417863404378
350962,-81.14661473755612,-4.995882810827858,2019-12-03,satellite,5915.543480847264,8194.417863406241
350964,-81.145609287735,-5.038234645525883,2019-12-03,satellite,6028.043480846565,3512.917863557115
350965,-81.14465662934107,-5.0136733720141,2019-12-03,satellite,6133.043480848137,6227.917863469571
350966,-81.14401557737662,-4.990468998145793,2019-12-03,satellite,6203.543480846449,8792.917863385752
350967,-81.14400204634593,-4.990469001112764,2019-12-03,satellite,6205.043480848079,8792.917863385752
350968,-81.14201271054158,-4.989193863846913,2019-12-03,satellite,6425.5434808474965,8933.917863382027
350969,-81.14183792668992,-4.994404742271654,2019-12-03,satellite,6445.043480848137,8357.917863400653
350970,-81.14148723006484,-5.062254231185009,2019-12-03,satellite,6485.543480848428,857.9178636446595
350971,-81.14131339942658,-5.009263889060488,2019-12-03,satellite,6503.543480847613,6715.417863452807
350972,-81.14062257817729,-5.005898704737795,2019-12-03,satellite,6580.043480846623,7087.417863441631
350973,-81.13975337696505,-4.990822736319378,2019-12-03,satellite,6676.043480848428,8753.917863387614
350974,-81.13916010757802,-5.0644530543207065,2019-12-03,satellite,6743.543480846682,614.9178636521101
350975,-81.1391243262718,-5.0235127415858605,2019-12-03,satellite,6746.543480847962,5140.417863504961
350976,-81.1386880811295,-5.008205999176755,2019-12-03,satellite,6794.54348084738,6832.417863449082
350977,-81.13821790160982,-5.024462826269662,2019-12-03,satellite,6847.043480847322,5035.417863508686
350978,-81.13806276866889,-4.994514106545035,2019-12-03,satellite,6863.543480848253,8345.917863400653
350979,-81.13801127508935,-5.007079841113752,2019-12-03,satellite,6869.543480848079,6956.9178634453565
350980,-81.13610769188044,-5.028032150123857,2019-12-03,satellite,7081.043480847846,4640.917863521725
350981,-81.1356708981519,-5.009753599515295,2019-12-03,satellite,7129.043480846391,6661.417863456532
350982,-81.13382624999923,-4.9882049796221954,2019-12-03,satellite,7333.043480846041,9043.417863378301
350983,-81.13357291208246,-5.006727944519743,2019-12-03,satellite,7361.543480848544,6995.9178634453565
350984,-81.13173268638056,-5.006931865863534,2019-12-03,satellite,7565.543480847613,6973.4178634453565
350985,-81.1307441335916,-5.003091782827391,2019-12-03,satellite,7675.043480847671,7397.917863432318
350986,-81.13039753021414,-5.029349596513568,2019-12-03,satellite,7714.043480848311,4495.417863527313
350987,-81.13033111848284,-5.035618897658607,2019-12-03,satellite,7721.543480848661,3802.417863547802
350988,-81.13016131247944,-4.9981524551265615,2019-12-03,satellite,7739.543480846856,7943.9178634136915
350989,-81.12859699192929,-5.025251847428079,2019-12-03,satellite,7913.543480847671,4948.417863510549
350990,-81.12852609728044,-5.008710159966731,2019-12-03,satellite,7921.043480847671,6776.917863452807
350991,-81.12606630599566,-5.023963201655738,2019-12-03,satellite,8194.043480847846,5090.917863506824
350992,-81.12514083664846,-4.9960365273135325,2019-12-03,satellite,8296.043480848486,8177.917863406241
350993,-81.12505827467177,-4.98877664308592,2019-12-03,satellite,8305.043480846158,8980.417863380164
350994,-81.12460316440799,-5.01492593229912,2019-12-03,satellite,8356.043480847671,6089.917863473296
350995,-81.12349514451584,-5.023258058898765,2019-12-03,satellite,8479.04348084703,5168.917863504961
350996,-81.12250555251022,-5.013732177742588,2019-12-03,satellite,8588.543480847904,6221.917863469571
350997,-81.12249202098998,-5.013732180278128,2019-12-03,satellite,8590.043480848544,6221.917863469571
350998,-81.12144692951654,-5.069545324236218,2019-12-03,satellite,8707.043480846914,52.41786367073655
350999,-81.12139273547533,-5.069206087503246,2019-12-03,satellite,8713.043480847147,89.9178636688739
351001,-81.12021991233554,-5.020219013665983,2019-12-03,satellite,8842.043480848079,5504.917863493785
351003,-81.11862390050338,-5.024222425314656,2019-12-03,satellite,9019.043480847846,5062.417863508686
351004,-81.11706691074247,-5.019513951861203,2019-12-03,satellite,9191.543480848952,5582.91786349006
351006,-81.11648046858491,-5.069722646374867,2019-12-03,satellite,9257.543480846856,32.917863672599196
351009,-81.1156353759259,-5.035499545145905,2019-12-03,satellite,9350.543480846623,3815.917863547802
351010,-81.11547299704154,-5.035526713757634,2019-12-03,satellite,9368.543480848835,3812.917863547802
351021,-81.1131909146112,-5.063331816409406,2019-12-03,satellite,9622.043480848777,739.4178636483848
351038,-81.11135731692988,-5.023993017819619,2019-12-03,satellite,9824.543480849068,5087.917863506824
352113,-81.11854682635028,-5.046952008193647,2019-12-05,satellite,9028.043480848777,2549.91786358878
353488,-81.19828876842217,-5.036320945140505,2019-12-06,satellite,188.54348084685626,3722.9178635515273
353490,-81.19722319457969,-5.002749465897423,2019-12-06,satellite,305.54348084673984,7433.917863430455
353491,-81.19722319051799,-5.00273589604408,2019-12-06,satellite,305.5434808470309,7435.417863430455
353511,-81.17113716748854,-5.063088404564164,2019-12-06,satellite,3199.043480847962,764.9178636483848
353526,-81.16267214417013,-5.03418678284045,2019-12-06,satellite,4136.543480847555,3959.9178635440767
353527,-81.16260437674602,-5.033752564018593,2019-12-06,satellite,4144.043480847031,4007.917863542214
353528,-81.16196363924207,-5.069183628943435,2019-12-06,satellite,4216.04348084674,91.4178636688739
353529,-81.16195010321765,-5.0691700624806,2019-12-06,satellite,4217.543480848311,92.9178636688739
353531,-81.15719970496635,-5.067352873953076,2019-12-06,satellite,4744.043480847264,293.91786366328597
353532,-81.15473371606335,-4.997142945730753,2019-12-06,satellite,5015.5434808472055,8054.917863409966
353533,-81.15428604231215,-5.049821313328133,2019-12-06,satellite,5066.543480847031,2231.917863599956
353534,-81.15054130197585,-5.065807493525935,2019-12-06,satellite,5482.043480848195,464.91786365769804
353535,-81.14683173718828,-4.998135364445375,2019-12-06,satellite,5891.543480847962,7945.4178634136915
353538,-81.14605660762808,-4.980711791017688,2019-12-06,satellite,5977.043480848137,9871.417863350362
353539,-81.14361920035596,-5.034218403953841,2019-12-06,satellite,6248.543480846449,3956.9178635440767
353540,-81.14260705161855,-5.04681147222415,2019-12-06,satellite,6361.043480848253,2564.91786358878
353543,-81.1378711327937,-4.983970333844352,2019-12-06,satellite,6884.543480847613,9511.417863361537
353545,-81.13678704362536,-5.041249073696338,2019-12-06,satellite,7006.043480848486,3179.917863568291
353547,-81.12903143719994,-5.032511652422391,2019-12-06,satellite,7865.543480848544,4145.917863538489
353548,-81.12844204685173,-5.06308471254814,2019-12-06,satellite,7931.543480847729,766.4178636483848
353550,-81.12620689775157,-4.980851596567801,2019-12-06,satellite,8177.5434808486025,9856.417863352224
353551,-81.12617982571523,-4.980797322116923,2019-12-06,satellite,8180.54348084837,9862.417863350362
353552,-81.12480893992466,-5.029662798203155,2019-12-06,satellite,8333.54348084837,4460.917863527313
353553,-81.12438296915587,-4.995385315978695,2019-12-06,satellite,8380.043480847788,8249.917863404378
353554,-81.12406645991976,-5.03901259393745,2019-12-06,satellite,8416.043480848777,3427.4178635608405
353555,-81.12156867031922,-5.069260333957958,2019-12-06,satellite,8693.543480848428,83.91786367073655
353558,-81.1202952446032,-5.061932837714573,2019-12-06,satellite,8834.543480847206,893.9178636427969
353559,-81.11984735621807,-5.054781593081769,2019-12-06,satellite,8884.04348084837,1684.4178636185825
353560,-81.11967268391855,-5.06158013617168,2019-12-06,satellite,8903.543480847322,932.9178636427969
353562,-81.11961853891819,-5.061498726891506,2019-12-06,satellite,8909.543480847788,941.9178636427969
353564,-81.11846218388871,-5.027899896477843,2019-12-06,satellite,9037.04348084802,4655.917863519862
353570,-81.11577401379147,-5.054225967784474,2019-12-06,satellite,9335.543480848894,1745.9178636167198
353571,-81.11574692498694,-5.054090273764774,2019-12-06,satellite,9338.543480848137,1760.9178636148572
353572,-81.1155541936719,-5.035553839135486,2019-12-06,satellite,9359.543480847846,3809.917863547802
358827,-81.18803902747294,-5.062255956217921,2019-12-13,satellite,1325.5434808472055,856.4178636446595
358897,-81.1564091692349,-4.986965131915554,2019-12-13,satellite,4829.543480846158,9179.917863372713
358898,-81.15582672427773,-4.984359851093326,2019-12-13,satellite,4894.0434808474965,9467.9178633634
358901,-81.153839802114,-4.993465716131121,2019-12-13,satellite,5114.543480848253,8461.417863396928
358902,-81.15243140721756,-4.988431614964186,2019-12-13,satellite,5270.543480845867,9017.917863378301
358908,-81.14971111991188,-4.985962519600879,2019-12-13,satellite,5572.043480846391,9290.917863368988
358915,-81.1468691924018,-4.984022665381374,2019-12-13,satellite,5887.043480847904,9505.4178633634
358925,-81.14289293341474,-4.992464018233066,2019-12-13,satellite,6328.043480847904,8572.417863393202
358926,-81.14243041212552,-4.981024693633696,2019-12-13,satellite,6379.043480847671,9836.917863352224
358927,-81.1414859752301,-4.993739893301595,2019-12-13,satellite,6484.043480847671,8431.417863396928
358928,-81.14049591419862,-4.982965605574971,2019-12-13,satellite,6593.543480848311,9622.417863359675
358929,-81.1404833520081,-4.987525095009057,2019-12-13,satellite,6595.043480846041,9118.417863374576
358935,-81.13747977799514,-4.98897770970768,2019-12-13,satellite,6928.043480847264,8957.917863380164
358937,-81.13636994441376,-4.987566671201616,2019-12-13,satellite,7051.043480846565,9113.917863374576
358939,-81.13566803980632,-4.995871595961744,2019-12-13,satellite,7129.043480847438,8195.917863406241
358942,-81.13390703731325,-4.986237327093108,2019-12-13,satellite,7324.043480846682,9260.91786337085
358943,-81.1338803464688,-4.98806926956616,2019-12-13,satellite,7327.043480847671,9058.417863378301
358945,-81.13187667496824,-4.982628142536666,2019-12-13,satellite,7549.043480847613,9659.917863357812
358947,-81.12872589916726,-4.992480518855872,2019-12-13,satellite,7898.543480847671,8570.917863393202
358948,-81.12856132510042,-4.981163248693367,2019-12-13,satellite,7916.543480848486,9821.917863352224
358950,-81.12799401677003,-4.98626564490812,2019-12-13,satellite,7979.543480847613,9257.91786337085
358952,-81.12534201146718,-4.986591833780015,2019-12-13,satellite,8273.543480847904,9221.917863372713
358955,-81.12404223991338,-4.982331128536396,2019-12-13,satellite,8417.543480847846,9692.91786335595
358956,-81.12401632856673,-4.988464732699941,2019-12-13,satellite,8420.543480848486,9014.917863378301
358957,-81.1239609733073,-4.981896906694245,2019-12-13,satellite,8426.543480847962,9740.91786335595
358958,-81.12377481890927,-4.999388552987278,2019-12-13,satellite,8447.543480847613,7807.4178634192795
358963,-81.12034925906912,-4.987542660719883,2019-12-13,satellite,8827.04348084901,9116.917863374576
358969,-81.11556767773203,-5.035282438874408,2019-12-13,satellite,9358.043480847904,3839.917863547802
358970,-81.11548649549871,-5.035336732855418,2019-12-13,satellite,9367.043480848311,3833.917863547802
358990,-81.11146158966592,-5.000503494663513,2019-12-13,satellite,9812.54348084901,7684.417863423005
358992,-81.11120160507832,-4.9833375983759245,2019-12-13,satellite,9841.043480847788,9581.917863359675
361484,-81.18216626739468,-5.0634653508492695,2019-12-15,satellite,1976.5434808476712,722.9178636483848
361497,-81.16105468532477,-5.0600242035511,2019-12-15,satellite,4316.543480847613,1103.917863637209
362672,-81.19873318529311,-5.029278062163187,2019-12-16,satellite,139.04348084703088,4501.41786352545
362673,-81.19869263106177,-5.029413772951622,2019-12-16,satellite,143.5434808472055,4486.417863527313
362675,-81.19699506736136,-5.009113795791571,2019-12-16,satellite,331.04348084545927,6730.417863452807
362676,-81.19658221269383,-5.031219202150071,2019-12-16,satellite,377.5434808472637,4286.917863532901
362678,-81.19287152919114,-5.021151483773639,2019-12-16,satellite,788.543480847613,5399.917863495648
362681,-81.1904453618701,-5.007324513648263,2019-12-16,satellite,1057.0434808479622,6928.417863447219
362682,-81.19005102058921,-5.047342116143328,2019-12-16,satellite,1102.0434808478458,2504.917863590643
362688,-81.18736065543742,-5.008872367920368,2019-12-16,satellite,1399.0434808469727,6757.417863452807
362689,-81.18730644881862,-5.008587416380598,2019-12-16,satellite,1405.0434808472055,6788.917863450944
362695,-81.18116985088795,-5.032675644859171,2019-12-16,satellite,2086.0434808472637,4126.417863538489
362700,-81.17849465810251,-5.047766060548455,2019-12-16,satellite,2383.0434808480786,2458.4178635925055
362702,-81.17700207856431,-4.982522558500384,2019-12-16,satellite,2546.543480847031,9670.417863357812
362703,-81.17453651489902,-5.022472920328134,2019-12-16,satellite,2821.043480847031,5254.417863501236
362707,-81.17128158046765,-5.046166760152968,2019-12-16,satellite,3182.5434808466234,2635.4178635869175
362708,-81.17076374819078,-4.980163047851482,2019-12-16,satellite,3238.0434808460996,9931.417863348499
362710,-81.16975668382143,-5.010274868389209,2019-12-16,satellite,3350.5434808480786,6602.917863456532
362714,-81.16887228129565,-4.991304409743584,2019-12-16,satellite,3448.043480847322,8699.917863389477
362717,-81.16767041749563,-5.053658263419654,2019-12-16,satellite,3583.043480847613,1807.4178636129946
362721,-81.16540623829054,-4.982919103250875,2019-12-16,satellite,3832.0434808472055,9626.917863359675
362729,-81.16000114859087,-5.068139238699437,2019-12-16,satellite,4433.543480847322,206.91786366514862
362730,-81.15998761596667,-5.068139242046915,2019-12-16,satellite,4435.043480847788,206.91786366514862
362731,-81.15961870982287,-5.05375528382624,2019-12-16,satellite,4475.5434808472055,1796.9178636148572
362733,-81.1582480278172,-4.981319617218946,2019-12-16,satellite,4625.54348084802,9803.917863352224
362737,-81.15673447346201,-5.046048304232545,2019-12-16,satellite,4795.043480846041,2648.9178635869175
362739,-81.15463707495663,-4.988933185511305,2019-12-16,satellite,5026.043480847438,8962.417863380164
362740,-81.15456931841557,-4.98849896494139,2019-12-16,satellite,5033.543480847613,9010.417863378301
362743,-81.15288883422282,-5.035342592782269,2019-12-16,satellite,5221.043480848195,3832.417863547802
362745,-81.15123194945242,-5.067897091041302,2019-12-16,satellite,5405.543480848428,233.91786366514862
362752,-81.14367529046291,-4.981214401599468,2019-12-16,satellite,6241.043480847147,9815.917863352224
362754,-81.14252368118031,-5.036824061457932,2019-12-16,satellite,6370.043480848544,3668.91786355339
362755,-81.14245592673166,-5.036389840176,2019-12-16,satellite,6377.543480847729,3716.9178635515273
362757,-81.14051347198738,-5.064954847054748,2019-12-16,satellite,6593.543480848195,559.4178636539727
362762,-81.13440630151727,-5.045646211422792,2019-12-16,satellite,7270.043480846216,2693.917863585055
362764,-81.13325819761619,-5.056081684055566,2019-12-16,satellite,7397.54348084837,1540.4178636223078
362768,-81.13060133556212,-5.0335019412615285,2019-12-16,satellite,7691.543480848486,4036.417863542214
362775,-81.12169958543971,-5.045635146158856,2019-12-16,satellite,8678.543480847904,2695.417863585055
362776,-81.12164540871395,-5.0453773284675,2019-12-16,satellite,8684.543480848719,2723.9178635831922
362777,-81.12141982868727,-5.069355351057082,2019-12-16,satellite,8710.04348084802,73.41786367073655
362778,-81.12020109470943,-4.991260843224125,2019-12-16,satellite,8843.543480847264,8705.917863389477
362781,-81.11749515059842,-4.992767593027377,2019-12-16,satellite,9143.54348084773,8539.417863395065
362791,-81.11525653086615,-5.0357845800960686,2019-12-16,satellite,9392.543480847962,3784.4178635496646
362795,-81.11498338000689,-5.021468387640133,2019-12-16,satellite,9422.543480848777,5366.917863497511
362797,-81.11428310306154,-5.040792042166359,2019-12-16,satellite,9500.543480848894,3230.917863568291
363739,-81.19465831758892,-5.068631820592126,2019-12-17,satellite,592.0434808474965,151.41786366701126
363755,-81.17013636817614,-5.065409112581331,2019-12-17,satellite,3310.043480847031,508.4178636558354
363756,-81.17013635753223,-5.06536840303733,2019-12-17,satellite,3310.0434808474965,512.9178636558354
363757,-81.16773594858037,-5.045367063715488,2019-12-17,satellite,3575.5434808482532,2723.9178635831922
363758,-81.16100258291222,-5.068220409319064,2019-12-17,satellite,4322.543480847264,197.91786366701126
363759,-81.1609890435688,-5.068193272981303,2019-12-17,satellite,4324.043480848311,200.91786366514862
363760,-81.14370201922392,-5.041627538729,2019-12-17,satellite,6239.543480847322,3137.9178635701537
363761,-81.12179628611884,-5.056219637460638,2019-12-17,satellite,8668.043480848835,1525.4178636223078
363762,-81.1214874388042,-5.06907037095423,2019-12-17,satellite,8702.543480848894,104.9178636688739
363763,-81.12143338416853,-5.069477477398658,2019-12-17,satellite,8708.54348084837,59.91786367073655
363764,-81.12141984135758,-5.069423200436467,2019-12-17,satellite,8710.043480848544,65.91786367073655
363765,-81.12137918000856,-5.0690839611594765,2019-12-17,satellite,8714.543480848079,103.4178636688739
363770,-81.11535124276006,-5.0357167138519525,2019-12-17,satellite,9382.043480848835,3791.9178635496646
370609,-81.19569059740554,-4.990727031027662,2019-12-24,satellite,475.04348084668163,8762.917863387614
370623,-81.18834434691281,-4.994528741382298,2019-12-24,satellite,1289.5434808467398,8342.917863400653
370695,-81.15522147664247,-4.999856807810401,2019-12-24,satellite,4961.543480847613,7754.9178634192795
370715,-81.14144473952051,-4.990740954818099,2019-12-24,satellite,6488.543480846041,8762.917863387614
370739,-81.12125911468604,-5.005386920811036,2019-12-24,satellite,8726.543480847962,7144.417863439769
370755,-81.11594013839174,-4.99882004918521,2019-12-24,satellite,9316.04348084738,7870.417863415554
371433,-81.19458477795193,-5.003347328513951,2019-12-25,satellite,598.0434808470309,7367.917863432318
371434,-81.19364364068551,-5.023892364739326,2019-12-25,satellite,703.0434808472055,5096.917863506824
371443,-81.18709165292056,-5.014585355455129,2019-12-25,satellite,1429.0434808468563,6125.917863473296
371445,-81.18244993859194,-5.013107552687964,2019-12-25,satellite,1943.5434808476712,6289.417863467708
371446,-81.18184838245129,-5.039650360034516,2019-12-25,satellite,2011.043480847089,3355.417863562703
371455,-81.17288726802184,-5.028606937663051,2019-12-25,satellite,3004.043480847962,4576.417863523588
371456,-81.16993691418577,-5.026979329752576,2019-12-25,satellite,3331.0434808474383,4756.417863518
371460,-81.16545656151366,-5.021674663173188,2019-12-25,satellite,3827.5434808466816,5342.917863499373
371466,-81.15734697910854,-5.004470061563288,2019-12-25,satellite,4726.043480848253,7244.917863436043
371473,-81.14755934301888,-5.0446391865103255,2019-12-25,satellite,5812.043480847613,2804.9178635813296
371474,-81.14752949707047,-5.032304177034534,2019-12-25,satellite,5815.0434808458085,4168.417863536626
371476,-81.14581399011338,-5.045955858207106,2019-12-25,satellite,6005.5434808472055,2659.4178635869175
371477,-81.14558222974827,-5.038261791333387,2019-12-25,satellite,6031.043480848544,3509.917863558978
371482,-81.12829172191138,-5.055634879863143,2019-12-25,satellite,7948.043480847729,1589.9178636204451
371483,-81.12661855694756,-5.010732446718913,2019-12-25,satellite,8132.543480846798,6553.417863458395
371487,-81.12241193663377,-5.019662240614686,2019-12-25,satellite,8599.043480848777,5566.417863491923
371501,-81.11002384587012,-5.060659095069971,2019-12-25,satellite,9973.043480848253,1034.9178636390716
380664,-81.19581116198539,-4.986628896917417,2020-01-01,satellite,461.5434808466234,9215.917863372713
380670,-81.19021251260543,-4.997567851830282,2020-01-01,satellite,1082.5434808474383,8006.917863411829
380682,-81.17822152259421,-4.988710092804809,2020-01-01,satellite,2411.5434808480786,8986.417863380164
380683,-81.1777211284881,-4.989646549741246,2020-01-01,satellite,2467.0434808457503,8882.91786338389
380684,-81.17766276719513,-5.024086890223247,2020-01-01,satellite,2474.5434808471473,5075.917863506824
380686,-81.17654451253456,-4.991818047088696,2020-01-01,satellite,2597.5434808463906,8642.91786339134
380693,-81.17351310375622,-4.990081910874292,2020-01-01,satellite,2933.543480847089,8834.91786338389
380697,-81.17025410570373,-4.997736175221218,2020-01-01,satellite,3295.043480847904,7988.917863411829
380698,-81.17025409519547,-4.997695465593096,2020-01-01,satellite,3295.0434808482532,7993.417863411829
380719,-81.15750062235058,-5.02449916542429,2020-01-01,satellite,4709.54348084802,5030.917863508686
380723,-81.1525551616266,-5.055154679738993,2020-01-01,satellite,5258.54348084802,1642.4178636185825
380727,-81.14959599005935,-5.015259936791746,2020-01-01,satellite,5585.543480847904,6052.417863475159
380728,-81.14900655851459,-5.041463506185843,2020-01-01,satellite,5651.543480848195,3155.9178635701537
380735,-81.14517997022327,-5.054912115265897,2020-01-01,satellite,6076.043480848311,1669.4178636185825
380742,-81.14096153895389,-5.00906041659349,2020-01-01,satellite,6542.543480846216,6737.917863452807
380743,-81.13968552949953,-4.989913567494963,2020-01-01,satellite,6683.5434808469145,8854.41786338389
380751,-81.13229754150144,-4.989670838847645,2020-01-01,satellite,7502.54348084802,8881.41786338389
380756,-81.11506901036545,-5.046735515446084,2020-01-01,satellite,9413.543480847497,2573.91786358878
380757,-81.1139671148521,-5.013462323943208,2020-01-01,satellite,9535.043480848719,6251.917863469571
383405,-81.19678079098986,-5.06153415768872,2020-01-04,satellite,356.54348084615776,935.9178636427969
383414,-81.19399338302361,-5.062471317080074,2020-01-04,satellite,665.543480846216,832.4178636465222
383443,-81.18194695844643,-5.053478007850959,2020-01-04,satellite,2000.5434808477876,1826.9178636129946
383509,-81.16400703424684,-5.069047415412002,2020-01-04,satellite,3989.543480847904,106.4178636688739
383521,-81.159104286155,-5.052954788394206,2020-01-04,satellite,4532.543480847846,1885.417863611132
383522,-81.1590635965819,-5.052574842245625,2020-01-04,satellite,4537.043480846041,1927.4178636092693
383531,-81.1558999240993,-5.064639216863899,2020-01-04,satellite,4888.043480847264,593.9178636539727
383543,-81.1370762989724,-5.06543052961398,2020-01-04,satellite,6974.54348084802,506.9178636558354
383544,-81.13706276639043,-5.065430532480286,2020-01-04,satellite,6976.043480847613,506.9178636558354
383546,-81.13595318820606,-5.065878572253143,2020-01-04,satellite,7099.043480848137,457.41786365769804
383547,-81.13595318537065,-5.0658650023835765,2020-01-04,satellite,7099.04348084837,458.91786365769804
383560,-81.12418027337051,-5.068201387446192,2020-01-04,satellite,8404.043480848486,200.91786366514862
384681,-81.1964404267768,-5.009602477225166,2020-01-05,satellite,392.54348084749654,6676.41786345467
384683,-81.19472224294636,-5.056133986247592,2020-01-05,satellite,584.5434808474965,1532.9178636223078
384684,-81.19468174315902,-5.05645967443574,2020-01-05,satellite,589.0434808478458,1496.9178636241704
384685,-81.19398342996733,-5.028953816868798,2020-01-05,satellite,665.5434808470309,4537.41786352545
384689,-81.19007390829948,-5.032971643865552,2020-01-05,satellite,1099.0434808476712,4093.4178635384887
384690,-81.18973144646927,-5.018574131834725,2020-01-05,satellite,1136.5434808477876,5684.917863488197
384691,-81.18942816615913,-4.999169322626572,2020-01-05,satellite,1169.5434808467398,7829.917863417417
384692,-81.1856714855153,-5.064509232580866,2020-01-05,satellite,1588.0434808479622,607.4178636521101
384693,-81.18549336752262,-5.056801614688326,2020-01-05,satellite,1607.5434808476712,1459.4178636241704
384694,-81.18506276907932,-5.017571301928776,2020-01-05,satellite,1654.0434808469145,5795.917863482609
384703,-81.17908162649204,-5.016867336129656,2020-01-05,satellite,2317.043480845343,5873.917863480747
384714,-81.17792961202372,-5.0598840900621305,2020-01-05,satellite,2446.0434808460413,1118.9178636353463
384719,-81.17350489762548,-5.061364403690434,2020-01-05,satellite,2936.543480847089,955.4178636409342
384756,-81.16925942954731,-5.023505620207693,2020-01-05,satellite,3406.0434808460996,5140.417863504961
384762,-81.16742835075806,-5.006625172195466,2020-01-05,satellite,3608.543480847671,7006.4178634453565
384763,-81.16741481941102,-5.006625175655942,2020-01-05,satellite,3610.0434808455757,7006.417863443494
384764,-81.16737431851442,-5.006991572641946,2020-01-05,satellite,3614.54348084738,6965.9178634453565
384765,-81.1660898226958,-5.010886453984647,2020-01-05,satellite,3757.043480847031,6535.417863460258
384767,-81.16388110917474,-4.998470572314427,2020-01-05,satellite,4001.54348084674,7907.917863415554
384770,-81.16104464466564,-5.01924675921969,2020-01-05,satellite,4316.543480846041,5611.41786349006
384771,-81.16100408310055,-5.019382467964332,2020-01-05,satellite,4321.04348084802,5596.41786349006
384774,-81.15858855497076,-5.04676705706216,2020-01-05,satellite,4589.543480847671,2569.41786358878
384776,-81.15648177827016,-5.007849169641257,2020-01-05,satellite,4822.043480847613,6871.417863449082
384781,-81.15239994781665,-5.027879276322182,2020-01-05,satellite,5275.043480848137,4657.417863521725
384782,-81.15237289053489,-5.027906422399365,2020-01-05,satellite,5278.043480847904,4654.417863521725
384784,-81.15175786927051,-5.001526715003569,2020-01-05,satellite,5345.543480847613,7570.41786342673
384786,-81.14942854168659,-4.9929103696276025,2020-01-05,satellite,5603.54348084674,8522.917863395065
384787,-81.14928028385188,-5.054951893926833,2020-01-05,satellite,5621.543480847613,1664.9178636185825
384789,-81.1477541280338,-5.008258294718408,2020-01-05,satellite,5789.54348084674,6826.417863450944
384791,-81.1465529747253,-5.022344105498522,2020-01-05,satellite,5923.043480846973,5269.417863501236
384794,-81.14556869471546,-5.038248224485822,2020-01-05,satellite,6032.543480848253,3511.417863558978
384798,-81.14462159176163,-5.038872650029918,2020-01-05,satellite,6137.543480848079,3442.4178635608405
384799,-81.14416630398516,-4.99909941827551,2020-01-05,satellite,6187.043480848137,7838.917863417417
384800,-81.14405026247071,-5.025302897198928,2020-01-05,satellite,6200.54348084738,4942.417863512412
384801,-81.14369066937911,-5.051547118969401,2020-01-05,satellite,6241.043480847904,2041.417863605544
384802,-81.14359791347539,-4.998733155883787,2020-01-05,satellite,6250.043480847788,7879.417863415554
384803,-81.1408287455096,-5.020825538591604,2020-01-05,satellite,6557.543480847962,5437.417863495648
384805,-81.13761669178288,-4.996671814090044,2020-01-05,satellite,6913.043480848253,8107.417863408104
384806,-81.13754040497231,-5.020120605487204,2020-01-05,satellite,6922.043480848311,5515.417863493785
384809,-81.13456971691377,-4.984581663432645,2020-01-05,satellite,7250.543480847438,9443.917863365263
384812,-81.13329958205581,-4.993361649742491,2020-01-05,satellite,7391.543480848428,8473.417863396928
384813,-81.13215588410026,-5.025454684399878,2020-01-05,satellite,7519.043480848719,4925.917863512412
384819,-81.12570677731885,-4.983592814190999,2020-01-05,satellite,8233.043480847788,9553.417863361537
384820,-81.12312040541573,-5.045322771076849,2020-01-05,satellite,8521.043480847206,2729.9178635831922
384822,-81.12196666356492,-5.026501551203717,2020-01-05,satellite,8648.543480848894,4810.417863516137
384823,-81.121866492374,-4.99709559643174,2020-01-05,satellite,8659.043480846856,8060.917863409966
384824,-81.11990719613928,-5.01206356171148,2020-01-05,satellite,8876.543480847671,6406.417863463983
384825,-81.11973691708685,-5.042894393550975,2020-01-05,satellite,8896.043480848719,2998.4178635757416
384829,-81.11373333609797,-4.991777651966316,2020-01-05,satellite,9560.543480847788,8648.91786339134
384831,-81.11326182942773,-5.003895663109224,2020-01-05,satellite,9613.043480848719,7309.417863434181
384832,-81.11326182476152,-5.003868523295004,2020-01-05,satellite,9613.043480848486,7312.417863434181
384833,-81.11242417600371,-5.011440675339086,2020-01-05,satellite,9706.043480848602,6475.41786346212
384834,-81.11152003920454,-5.026001335162428,2020-01-05,satellite,9806.543480847788,4865.917863514274
384836,-81.10986309440061,-4.9896478343794,2020-01-05,satellite,9989.543480848602,8884.41786338389
798826,-81.1103733333,-5.06392,2020-01-24,ais,9934.366066228657,674.4544745441526
798828,-81.171555,-5.0582166667,2019-12-07,ais,3152.5869524875307,1303.4235191140324
798829,-81.12144,-5.0612566667,2020-01-16,ais,8707.640107282205,968.6374675743282
798830,-81.1102783333,-5.062675,2019-12-05,ais,9944.872843461053,812.0771882347763
798831,-81.1120266667,-5.0370666667,2019-12-29,ais,9750.59348364285,3642.759868595749
798832,-81.1188333333,-5.0653333333,2019-12-11,ais,8996.656544399622,518.0605610348284
798834,-81.180795,-5.02248,2019-11-24,ais,2127.283814998227,5253.446948254481
798837,-81.1240683333,-5.05744,2019-11-07,ais,8416.223946121172,1390.4726753216237
798839,-81.1247466667,-5.0694133333,2020-01-03,ais,8341.288481441676,66.93856908753514
798841,-81.112,-5.0637783333,2019-11-09,ais,9754.057548173761,690.0832717660815
798844,-81.12144,-5.0554666667,2019-12-27,ais,8707.52050030732,1608.6578207481652
798845,-81.1203683333,-5.0597666667,2019-11-25,ais,8826.397654661094,1133.3625782448798
798846,-81.1210633333,-5.0558266667,2020-01-24,ais,8749.27961118467,1568.871599033475
798847,-81.12392,-5.0559733333,2019-11-24,ais,8432.635028173274,1552.5995733216405
798848,-81.125535,-5.0434,2020-01-24,ais,8253.352089753083,2942.4077687170357
798850,-81.1195033333,-5.0627716667,2019-11-18,ais,8922.339248990931,801.2108151130378
798851,-81.1180233333,-5.0612566667,2019-11-25,ais,9086.35787499114,968.7072865534574
798853,-81.1201,-5.0490166667,2019-12-26,ais,8855.921473648283,2321.661281682551
798856,-81.12456,-5.0665333333,2019-12-29,ais,8361.918013478513,385.2947706207633
798857,-81.1946233333,-5.0544133333,2020-01-28,ais,595.4502388386754,1723.120913097635
798858,-81.1839833333,-5.0545833333,2019-11-11,ais,1774.8543083945406,1704.672551508993
798859,-81.1236666667,-5.05853,2020-01-29,ais,8460.769563981332,1269.993727967143
798860,-81.11648,-5.0464,2019-12-29,ais,9257.13333760295,2610.9775577560067
798862,-81.1568333333,-5.048,2019-11-07,ais,4784.137117601465,2433.176636064425
798863,-81.1151466667,-5.0682933333,2019-11-02,ais,9405.357716397906,190.93901290372014
798864,-81.1148066667,-5.0655083333,2019-11-12,ais,9442.989858338318,498.7965974006802
798865,-81.1250666667,-5.03608,2019-12-04,ais,8305.110405452666,3751.562298052013
798866,-81.195835,-5.0587933333,2019-11-24,ais,461.28795055515366,1238.9184206798673
798867,-81.10984,-5.0577866667,2019-11-24,ais,9993.368066979572,1352.436325384304
798868,-81.1136266667,-5.05944,2019-12-04,ais,9573.667776061746,1169.6065337453038
798869,-81.1623533333,-5.0249716667,2020-01-18,ais,4171.6303030574345,4978.556541396305
798870,-81.11264,-5.0549333333,2019-11-27,ais,9682.9480297048,1667.7874800600111
798873,-81.1406133333,-5.0504266667,2019-12-01,ais,6582.127031257201,2165.3460331317037
798875,-81.1158666667,-5.0472266667,2019-12-30,ais,9325.135587106226,2519.610888855532
798879,-81.16182,-5.0531766667,2019-11-04,ais,4231.52403651498,1860.8173836972564
798880,-81.1203266667,-5.0593683333,2019-11-27,ais,8831.008012179751,1177.3947779443115
798883,-81.18632,-5.0149866667,2019-12-04,ais,1514.5957261739532,6081.58164167963
798885,-81.11064,-5.068,2019-12-19,ais,9904.884635455557,223.45070950314403
798887,-81.1375083333,-5.0532533333,2019-11-06,ais,6926.370355845429,1852.9627606477588
798890,-81.1122933333,-5.05464,2020-01-14,ais,9721.36879480764,1700.2188585344702
798892,-81.1176666667,-5.0631666667,2019-11-10,ais,9125.930563579372,757.5851245541126
798893,-81.1366133333,-5.0494666667,2019-12-01,ais,7025.489345536102,2271.5578619446605
798894,-81.1329866667,-5.06008,2019-12-29,ais,7427.73181242391,1098.454303741455
798895,-81.1453316667,-5.0513366667,2019-12-04,ais,6059.140322155203,2064.6406510807574
798898,-81.12392,-5.0697866667,2020-01-04,ais,8432.926464011893,25.688249776139855
798900,-81.1105433333,-5.0604416667,2019-12-26,ais,9915.457175799529,1058.942376717925
798904,-81.1178666667,-5.0664,2020-01-01,ais,9103.82669479528,400.17190408334136
798905,-81.11536,-5.0698933333,2020-01-24,ais,9381.74267549906,14.072516964748502
798908,-81.198,-5.0664533333,2020-01-12,ais,221.56662634480745,392.1143208350986
798909,-81.1948583333,-5.0454516667,2020-01-11,ais,569.1049258743878,2713.729286056012
798910,-81.1148266667,-5.0461066667,2019-12-26,ais,9440.394215750624,2643.4348244909197
798911,-81.1372183333,-5.0302116667,2019-11-21,ais,6957.97953412123,4399.970783475786
798912,-81.1209466667,-5.05988,2019-12-01,ais,8762.294921503577,1120.8229311443865
798913,-81.18016,-5.01264,2019-12-14,ais,2197.375133749214,6341.170891519636
798914,-81.11561,-5.0654483333,2020-01-11,ais,9353.944416663318,505.4131238143891
798915,-81.1161933333,-5.0657583333,2020-01-12,ais,9289.29185098136,471.13450862281024
798919,-81.1188533333,-5.0668533333,2019-12-02,ais,8994.47045134101,350.04097073338926
798920,-81.1246066667,-5.0699883333,2019-12-28,ais,8356.818696114991,3.381643559783697
798923,-81.1814133333,-5.0141866667,2019-12-20,ais,2058.4869771142257,6170.16548541002
798925,-81.1111816667,-5.053245,2020-01-12,ais,9844.56547272869,1854.4417494963855
798926,-81.1166283333,-5.02681,2019-12-27,ais,9240.304096698354,4776.430258963257
798931,-81.1217366667,-5.05296,2019-11-11,ais,8674.584550342115,1885.7358716148883
798932,-81.1106133333,-5.0601333333,2019-12-27,ais,9907.692269155523,1093.0238863173872
798933,-81.1305333333,-5.0649333333,2020-01-18,ais,7699.778116998263,562.0269802361727
798934,-81.11024,-5.0651733333,2020-01-30,ais,9949.168758634129,535.9149031341076
798936,-81.11912,-5.05872,2020-01-31,ais,8964.747294537257,1249.0854841060936
798940,-81.119665,-5.0608916667,2019-12-07,ais,8904.381176276307,1009.0206950157881
798941,-81.141735,-5.0340616667,2019-12-19,ais,6457.4012833932065,3974.289071138948
798942,-81.1129333333,-5.0572533333,2019-12-19,ais,9650.477968598541,1411.331638649106
798943,-81.1137333333,-5.0456266667,2019-12-12,ais,9561.57743583544,2696.5147333331406
798944,-81.12868,-5.055025,2019-11-23,ais,7904.99137041677,1657.3248326703906
798946,-81.1254933333,-5.0508316667,2020-01-16,ais,8258.129022150417,2120.920399017632
798948,-81.1963333333,-5.0548333333,2019-12-16,ais,405.917959497252,1676.637430652976
798949,-81.1366933333,-5.05024,2020-01-08,ais,7016.639593016298,2186.072543334216
798950,-81.1119733333,-5.0365333333,2019-12-27,ais,9756.49528512318,3701.714923175052
798951,-81.16,-5.05168,2019-11-12,ais,4433.222689507995,2026.3074502851814
798956,-81.1192,-5.0592,2020-01-13,ais,8955.889456154546,1196.0251791458577
798957,-81.11059,-5.0642633333,2020-01-31,ais,9910.35638608801,636.4987020958215
798958,-81.1231466667,-5.0672266667,2020-01-02,ais,8518.591147789557,308.68432594649494
798959,-81.1382983333,-5.0310566667,2020-01-19,ais,6838.281769634457,4306.540174616501
798961,-81.1242133333,-5.0698866667,2019-11-30,ais,8400.414700867375,14.62813102081418
798964,-81.140445,-5.0496233333,2020-01-12,ais,6600.766970019438,2254.1497132312506
798965,-81.1250933333,-5.0690666667,2020-01-04,ais,8302.855573085486,105.25133625045419
798966,-81.164835,-5.0379816667,2019-12-05,ais,3896.898953764816,3540.374868230894
798969,-81.1195933333,-5.063675,2020-01-16,ais,8912.381686615292,701.3554816376418
798970,-81.1788216667,-5.0562483333,2020-01-15,ais,2347.0533156052697,1520.7843848317862
798972,-81.1192916667,-5.0661083333,2020-01-12,ais,8945.869003074418,432.3835634160787
798973,-81.1924,-5.0276533333,2020-01-20,ais,841.0245230862056,4681.224144868553
798974,-81.1244533333,-5.0696533333,2019-12-30,ais,8373.807484715595,40.41546382009983
798977,-81.15792,-5.0534133333,2019-12-26,ais,4663.828951390868,1834.7627217750996
798978,-81.1259733333,-5.0565066667,2020-01-03,ais,8205.044427256275,1493.6017267089337
798979,-81.1656333333,-5.02482,2019-12-29,ais,3808.036130961147,4995.230476738885
798982,-81.1247733333,-5.06888,2020-01-05,ais,8338.32133554708,125.89211482740939
798984,-81.1238933333,-5.06936,2020-01-05,ais,8435.873263561574,72.85211190953851
798985,-81.1124266667,-5.06928,2020-01-17,ais,9706.869589625916,81.92683562077582
798986,-81.146685,-5.0328133333,2019-12-27,ais,5908.667995570926,4112.15734918043
798987,-81.1148533333,-5.0657066667,2019-12-28,ais,9437.821050368366,476.87212226353586
798988,-81.1173866667,-5.0511733333,2019-12-26,ais,9156.7274259408,2083.320635166019
798991,-81.1891733333,-5.0146666667,2019-12-22,ais,1198.2866356780287,6116.863558875397
798992,-81.1521666667,-5.0521666667,2019-11-23,ais,5301.5290893483325,1972.7200628761202
798995,-81.1163016667,-5.04634,2020-01-01,ais,9276.89981751109,2617.613421589136
798996,-81.16424,-5.0534666667,2020-01-11,ais,3963.285288180108,1828.6938129533082
798997,-81.1264383333,-5.05556,2019-12-11,ais,8153.481123807607,1598.2352477442473
798998,-81.1753866667,-5.0249866667,2020-01-30,ais,2726.8777258641203,4976.525481004268
798999,-81.1265066667,-5.0514133333,2020-01-27,ais,8145.817545119149,2056.601855766028
799000,-81.16992,-5.016785,2019-11-02,ais,3332.6258831439773,5883.289705786854
799001,-81.1129066667,-5.0589333333,2020-01-19,ais,9653.46608889784,1225.6268223151565
799002,-81.1105066667,-5.06016,2019-12-25,ais,9919.516163685767,1090.0781913362443
799003,-81.1745216667,-5.0184183333,2019-12-12,ais,2822.5699508647667,5702.60852015391
799005,-81.1111733333,-5.0383733333,2019-12-30,ais,9845.208649849053,3498.338672561571
799008,-81.12295,-5.055245,2020-01-11,ais,8540.139587124577,1633.1291619371623
799009,-81.1250733333,-5.0472383333,2020-01-31,ais,8304.608040524647,2518.1324982959777
799010,-81.1109866667,-5.0633333333,2019-11-24,ais,9866.370813826506,739.2923734672368
799011,-81.1217166667,-5.05781,2020-01-20,ais,8676.90182141919,1349.6225627586246
799013,-81.1112516667,-5.047845,2019-11-11,ais,9836.704249697563,2451.3502397201955
799016,-81.1437066667,-5.0495733333,2020-01-10,ais,6239.222066762508,2259.5977525040507
799017,-81.1700766667,-5.0497033333,2020-01-05,ais,3316.206706269062,2244.5231679305434
799018,-81.11624,-5.0468,2019-12-31,ais,9283.744444892392,2566.766765953973
799019,-81.1304516667,-5.0598866667,2020-01-11,ais,7708.7182632241165,1119.8821421619505
799020,-81.1857066667,-5.05848,2020-01-31,ais,1583.9532778876019,1273.883662622422
799021,-81.1303333333,-5.0501666667,2020-01-20,ais,7721.619516175066,2194.323340939358
799023,-81.124665,-5.0689266667,2020-01-06,ais,8350.330309293116,120.73593529127538
799024,-81.1247716667,-5.0594133333,2019-11-18,ais,8338.304914324253,1172.3275897856802
799025,-81.1176,-5.0677333333,2020-01-05,ais,9133.411640628881,252.7920242678374
799027,-81.1156266667,-5.06896,2019-12-30,ais,9352.166211513628,117.23692141473293
799028,-81.1641333333,-5.06304,2020-01-27,ais,3975.376120655099,770.4689190443605
799029,-81.11072,-5.0647466667,2020-01-29,ais,9895.955822232238,583.0691029112786
799030,-81.12914,-5.0461133333,2019-11-29,ais,7853.8070577611215,2642.400797523558
799031,-81.1212,-5.0375733333,2020-01-01,ais,8733.755312201276,3586.5718163158745
799032,-81.1180466667,-5.06801,2020-01-15,ais,9083.907279108826,222.20058708824217
799034,-81.1328266667,-5.0420266667,2019-12-26,ais,7445.059611916076,3094.0543413776904
799035,-81.1238933333,-5.05312,2019-12-07,ais,8435.530813962803,1868.004512835294
799037,-81.13174,-5.0464883333,2020-01-24,ais,7565.613652099564,2600.8909901883453
799038,-81.1399333333,-5.0338883333,2019-12-07,ais,6657.110006634728,3993.4922331962734
799039,-81.13449,-5.0482033333,2019-12-09,ais,7260.824128571432,2411.2544122822583
799041,-81.1545583333,-5.0305216667,2019-11-26,ais,5035.855435298232,4365.274571219459
799042,-81.12128,-5.06584,2020-01-08,ais,8725.469836329168,462.00398565270007
799044,-81.130705,-5.048285,2019-11-22,ais,7680.379931074858,2402.3125014770776
799046,-81.154815,-5.0554416667,2020-01-06,ais,5008.058307420812,1610.635389085859
799047,-81.1685733333,-5.0537333333,2019-11-06,ais,3482.9612529115984,1799.09383453615
799049,-81.1242666667,-5.06944,2019-12-31,ais,8394.493616140098,64.0010756906122
799050,-81.1222933333,-5.06172,2020-01-10,ais,8613.062677321199,917.4033492878079
799051,-81.1649416667,-5.0239266667,2019-11-17,ais,3884.682905958267,5093.998031605035
799052,-81.1163733333,-5.0455733333,2019-12-28,ais,9268.940668622497,2702.358464896679
799053,-81.1236,-5.0689333333,2020-01-06,ais,8468.378175641818,120.0216130707413
799055,-81.1136266667,-5.0627466667,2020-01-19,ais,9573.731723119214,804.0912348907441
799056,-81.131535,-5.0383733333,2019-12-27,ais,7588.156242261757,3497.9188340976834
799058,-81.122475,-5.058345,2019-11-03,ais,8592.855648919707,1290.4684464894235
799059,-81.1161333333,-5.0635316667,2019-12-03,ais,9295.898415671312,717.2690236121416
799061,-81.11664,-5.0694133333,2019-11-16,ais,9239.854426425183,67.10582425631583
799062,-81.1105066667,-5.0604266667,2019-12-28,ais,9919.521178312134,1060.6011515557766
799063,-81.1330116667,-5.0515283333,2019-12-26,ais,7424.767308689014,2043.7460928130895
799064,-81.142915,-5.055945,2019-12-02,ais,6327.130129604775,1555.2994269076735
799066,-81.1196,-5.0620533333,2020-01-27,ais,8911.60970286344,880.6126457434148
799068,-81.1437866667,-5.0499816667,2019-11-03,ais,6230.364331949328,2214.459032347426
799069,-81.1169833333,-5.0660483333,2020-01-06,ais,9201.73130913201,439.06248567439616
799070,-81.1241066667,-5.0684533333,2020-01-01,ais,8412.207598667708,173.06959119066596
799073,-81.17128,-4.99544,2020-01-05,ais,3181.2516620990937,8242.705146135762
799074,-81.1341083333,-5.0369216667,2019-11-14,ais,7302.87398731045,3658.3263965081424
799075,-81.1319466667,-5.0438666667,2020-01-23,ais,7542.646623257548,2890.6825497075915
799076,-81.19856,-5.0522666667,2020-01-19,ais,159.01485674950527,1960.2800606563687
799077,-81.1356,-5.052,2019-12-16,ais,7137.871937039541,1991.5493290610611
799078,-81.1189333333,-5.06376,2020-01-01,ais,8985.540322689048,691.9731132294983
799079,-81.1777866667,-5.0150933333,2019-12-26,ais,2460.539212031639,6070.0535609684885
799080,-81.1107716667,-5.0644766667,2020-01-28,ais,9890.223805658461,612.9136289618909
799081,-81.1506833333,-5.0513666667,2020-01-05,ais,5465.930055672943,2061.1895552389324
799082,-81.15385,-5.0248333333,2019-11-03,ais,5114.225929541397,4994.075593331829
799083,-81.1166666667,-5.0458733333,2019-12-27,ais,9236.431516392273,2669.1909915991127
799085,-81.1388,-5.0566933333,2020-01-17,ais,6783.2758685705485,1472.678243758157
799086,-81.1279766667,-5.0561116667,2019-11-25,ais,7982.976217702148,1537.2212344836444
799087,-81.1210866667,-5.057,2019-11-28,ais,8746.71737523377,1439.1721297614276
799088,-81.1287366667,-5.0465983333,2019-11-27,ais,7898.52587345161,2588.7982753310353
799090,-81.19754,-5.0106566667,2019-11-27,ais,270.6871589984512,6559.852046100423
799092,-81.13344,-5.0546666667,2020-01-03,ais,7377.359465986316,1696.8282798398286
799093,-81.127025,-5.065275,2019-11-29,ais,8088.661925953289,524.3366611413658
799094,-81.1098916667,-5.056395,2019-11-08,ais,9987.615075183974,1506.2686247378588
799095,-81.11183,-5.036915,2019-12-28,ais,9772.39078018663,3659.528664458543
799096,-81.1277966667,-5.0454983333,2019-11-29,ais,8002.697964110179,2710.4115906506777
799097,-81.1109333333,-5.06032,2019-12-24,ais,9872.22559122974,1072.3839085623622
799098,-81.1925066667,-5.00888,2020-01-26,ais,828.5905877844198,6756.409113256261
799099,-81.1652533333,-5.0537066667,2019-12-06,ais,3850.9683257882716,1802.1359762735665
799100,-81.1297666667,-5.045915,2019-12-06,ais,7784.338668424287,2664.310540517792
799101,-81.123145,-5.069995,2019-12-02,ais,8518.833997166133,2.67566891759634
799104,-81.131025,-5.0532683333,2019-12-09,ais,7645.019961256126,1851.4530131965876
799106,-81.13544,-5.0502133333,2019-12-04,ais,7155.566171345825,2189.04929561913
799108,-81.1781833333,-5.0198466667,2019-12-08,ais,2416.710704495781,5544.612584186718
799110,-81.1209866667,-5.06592,2020-01-08,ais,8757.985559820198,453.16693988628685
